{
"skeleton": {
	"hash": "RwfprGvf9bGsu4Mj4r0liDygT9w",
	"spine": "3.8.99",
	"x": -15.44,
	"y": -8.4,
	"width": 33.8,
	"height": 16.9,
	"images": "",
	"audio": ""
},
"bones": [
	{ "name": "root" },
	{ "name": "bullet", "parent": "root", "scaleX": 1.3, "scaleY": 1.3 },
	{ "name": "explow", "parent": "root", "y": -14.03, "scaleX": 3.6568, "scaleY": 3.2235 }
],
"slots": [
	{ "name": "simple_female/grenade", "bone": "bullet", "attachment": "simple_female/grenade" },
	{ "name": "simple_female/explosion/explosion_0000", "bone": "explow" }
],
"skins": [
	{
		"name": "default",
		"attachments": {
			"simple_female/explosion/explosion_0000": {
				"simple_female/explosion/explosion_0000": { "y": 34.95, "width": 145, "height": 78 },
				"simple_female/explosion/explosion_0001": { "y": 34.95, "width": 145, "height": 78 },
				"simple_female/explosion/explosion_0002": { "y": 34.95, "width": 145, "height": 78 },
				"simple_female/explosion/explosion_0003": { "y": 34.95, "width": 145, "height": 78 },
				"simple_female/explosion/explosion_0004": { "y": 34.95, "width": 145, "height": 78 },
				"simple_female/explosion/explosion_0005": { "y": 34.95, "width": 145, "height": 78 },
				"simple_female/explosion/explosion_0006": { "y": 34.95, "width": 145, "height": 78 },
				"simple_female/explosion/explosion_0007": { "y": 34.95, "width": 145, "height": 78 },
				"simple_female/explosion/explosion_0008": { "y": 34.95, "width": 145, "height": 78 },
				"simple_female/explosion/explosion_0009": { "y": 34.95, "width": 145, "height": 78 },
				"simple_female/explosion/explosion_0010": { "y": 34.95, "width": 145, "height": 78 },
				"simple_female/explosion/explosion_0011": { "y": 34.95, "width": 145, "height": 78 },
				"simple_female/explosion/explosion_0012": { "y": 34.95, "width": 145, "height": 78 },
				"simple_female/explosion/explosion_0013": { "y": 34.95, "width": 145, "height": 78 },
				"simple_female/explosion/explosion_0014": {
					"type": "mesh",
					"uvs": [ 0.40272, 0.95647, 0.35555, 0.92185, 0.34065, 0.85493, 0.33445, 0.77647, 0.34314, 0.71185, 0.35307, 0.67032, 0.35058, 0.62416, 0.31583, 0.58955, 0.28107, 0.5457, 0.27238, 0.48339, 0.28231, 0.43493, 0.28852, 0.37262, 0.30838, 0.31955, 0.327, 0.26878, 0.327, 0.20878, 0.34065, 0.12339, 0.37169, 0.07493, 0.40893, 0.05186, 0.44121, 0.03801, 0.48962, 0.05186, 0.52314, 0.07262, 0.54548, 0.0957, 0.57776, 0.11416, 0.60383, 0.11416, 0.63858, 0.14186, 0.65348, 0.18801, 0.65845, 0.2457, 0.66465, 0.31493, 0.64976, 0.36801, 0.64727, 0.41186, 0.66341, 0.44186, 0.69569, 0.47647, 0.71679, 0.51109, 0.72796, 0.58493, 0.72796, 0.64262, 0.71555, 0.70493, 0.69693, 0.75339, 0.67583, 0.78339, 0.67583, 0.82724, 0.68327, 0.8757, 0.66589, 0.92185, 0.64355, 0.96339, 0.60507, 0.96801, 0.55169, 0.97493, 0.51693, 0.96109, 0.49583, 0.95647, 0.44617, 0.98185, 0.41389, 0.84801, 0.47348, 0.85724, 0.56783, 0.85493, 0.61748, 0.85032, 0.63114, 0.65647, 0.5492, 0.69801, 0.51072, 0.70955, 0.42879, 0.73955, 0.46504, 0.6544, 0.40007, 0.58395, 0.56249, 0.5437, 0.50402, 0.54168, 0.6621, 0.5598, 0.56682, 0.34443, 0.46179, 0.42293, 0.36543, 0.4652, 0.32645, 0.47929, 0.37409, 0.3404, 0.45963, 0.28606, 0.40874, 0.16126, 0.54408, 0.22165 ],
					"triangles": [ 66, 16, 17, 15, 16, 66, 14, 15, 66, 67, 20, 21, 67, 21, 22, 13, 14, 66, 19, 66, 18, 67, 65, 19, 67, 19, 20, 66, 17, 18, 19, 65, 66, 64, 13, 66, 64, 66, 65, 12, 13, 64, 23, 60, 67, 65, 67, 60, 23, 67, 22, 23, 25, 60, 25, 23, 24, 60, 27, 28, 26, 60, 25, 27, 60, 26, 29, 60, 28, 61, 65, 60, 64, 65, 61, 12, 63, 11, 62, 64, 61, 12, 64, 63, 63, 10, 11, 64, 62, 63, 9, 10, 63, 58, 61, 60, 57, 58, 60, 57, 60, 29, 8, 9, 63, 59, 29, 30, 59, 30, 31, 59, 31, 32, 57, 29, 59, 56, 62, 61, 56, 61, 58, 59, 32, 33, 7, 8, 63, 6, 63, 62, 6, 62, 56, 7, 63, 6, 59, 33, 34, 55, 56, 58, 51, 57, 59, 51, 59, 34, 5, 6, 56, 52, 58, 57, 52, 57, 51, 53, 55, 58, 35, 51, 34, 52, 53, 58, 54, 56, 55, 5, 56, 54, 4, 5, 54, 36, 51, 35, 37, 51, 36, 50, 51, 37, 54, 3, 4, 47, 3, 54, 54, 55, 53, 50, 52, 51, 38, 50, 37, 2, 3, 47, 49, 52, 50, 48, 54, 53, 47, 54, 48, 1, 2, 47, 40, 50, 38, 40, 38, 39, 0, 1, 47, 48, 44, 45, 53, 52, 49, 49, 48, 53, 49, 44, 48, 41, 50, 40, 42, 49, 50, 42, 50, 41, 43, 44, 49, 42, 43, 49, 46, 47, 48, 46, 48, 45, 0, 47, 46 ],
					"vertices": [ -14.11, -0.66, -20.95, 2.04, -23.11, 7.26, -24.01, 13.38, -22.75, 18.42, -21.31, 21.66, -21.67, 25.26, -26.71, 27.96, -31.75, 31.38, -33.01, 36.24, -31.57, 40.02, -30.67, 44.88, -27.79, 49.02, -25.09, 52.98, -25.09, 57.66, -23.11, 64.32, -18.61, 68.1, -13.21, 69.9, -8.53, 70.98, -1.51, 69.9, 3.35, 68.28, 6.59, 66.48, 11.27, 65.04, 15.05, 65.04, 20.09, 62.88, 22.25, 59.28, 22.97, 54.78, 23.87, 49.38, 21.71, 45.24, 21.35, 41.82, 23.69, 39.48, 28.37, 36.78, 31.43, 34.08, 33.05, 28.32, 33.05, 23.82, 31.25, 18.96, 28.55, 15.18, 25.49, 12.84, 25.49, 9.42, 26.57, 5.64, 24.05, 2.04, 20.81, -1.2, 15.23, -1.56, 7.49, -2.1, 2.45, -1.02, -0.61, -0.66, -7.81, -2.64, -12.49, 7.8, -3.85, 7.08, 9.83, 7.26, 17.03, 7.62, 19.01, 22.74, 7.13, 19.5, 1.55, 18.6, -10.33, 16.26, -5.07, 22.9, -14.49, 28.4, 9.06, 31.54, 0.58, 31.7, 23.5, 30.28, 9.69, 47.08, -5.54, 40.96, -19.51, 37.66, -25.17, 36.56, -18.26, 47.4, -5.85, 51.63, -13.23, 61.37, 6.39, 56.66 ],
					"hull": 47,
					"edges": [ 0, 2, 2, 4, 4, 6, 6, 8, 8, 10, 10, 12, 12, 14, 14, 16, 16, 18, 18, 20, 20, 22, 22, 24, 24, 26, 26, 28, 28, 30, 30, 32, 32, 34, 34, 36, 36, 38, 38, 40, 40, 42, 42, 44, 44, 46, 46, 48, 48, 50, 50, 52, 52, 54, 54, 56, 56, 58, 58, 60, 60, 62, 62, 64, 64, 66, 66, 68, 68, 70, 70, 72, 72, 74, 74, 76, 76, 78, 78, 80, 80, 82, 82, 84, 84, 86, 86, 88, 88, 90, 90, 92, 0, 92 ],
					"width": 145,
					"height": 78
				}
			},
			"simple_female/grenade": {
				"simple_female/grenade": { "x": 1.13, "y": 0.04, "width": 26, "height": 13 }
			}
		}
	}
],
"animations": {
	"attack": {
		"slots": {
			"simple_female/explosion/explosion_0000": {
				"color": [
					{ "time": 0.4667, "color": "ffffffff" },
					{ "time": 0.8333, "color": "ffffff00" }
				],
				"attachment": [
					{ "name": "simple_female/explosion/explosion_0000" },
					{ "time": 0.0333, "name": "simple_female/explosion/explosion_0001" },
					{ "time": 0.0667, "name": "simple_female/explosion/explosion_0002" },
					{ "time": 0.1, "name": "simple_female/explosion/explosion_0003" },
					{ "time": 0.1333, "name": "simple_female/explosion/explosion_0004" },
					{ "time": 0.1667, "name": "simple_female/explosion/explosion_0005" },
					{ "time": 0.2, "name": "simple_female/explosion/explosion_0006" },
					{ "time": 0.2333, "name": "simple_female/explosion/explosion_0007" },
					{ "time": 0.2667, "name": "simple_female/explosion/explosion_0008" },
					{ "time": 0.3, "name": "simple_female/explosion/explosion_0009" },
					{ "time": 0.3333, "name": "simple_female/explosion/explosion_0010" },
					{ "time": 0.3667, "name": "simple_female/explosion/explosion_0011" },
					{ "time": 0.4, "name": "simple_female/explosion/explosion_0012" },
					{ "time": 0.4333, "name": "simple_female/explosion/explosion_0013" },
					{ "time": 0.4667, "name": "simple_female/explosion/explosion_0014" },
					{ "time": 0.8333, "name": null }
				]
			},
			"simple_female/grenade": {
				"attachment": [
					{ "name": null }
				]
			}
		},
		"deform": {
			"default": {
				"simple_female/explosion/explosion_0000": {
					"simple_female/explosion/explosion_0014": [
						{ "time": 0.4667 },
						{
							"time": 0.8333,